<copybook filename="AMSLOCATION.cbl"><!--******************************--><!--* Location Download--><!--******************************--><item display-length="173" level="01" name="Ams-Vendor" position="1" storage-length="173"><item display-length="3" level="03" name="Brand" picture="x(3)" position="1" storage-length="3"/><item display-length="4" level="03" name="Location-Number" numeric="true" picture="9(4)" position="4" storage-length="4"/><item display-length="2" level="03" name="Location-Type" picture="XX" position="8" storage-length="2"/><item display-length="35" level="03" name="Location-Name" picture="X(35)" position="10" storage-length="35"/><item display-length="40" level="03" name="Address-1" picture="X(40)" position="45" storage-length="40"/><item display-length="40" level="03" name="Address-2" picture="X(40)" position="85" storage-length="40"/><item display-length="35" level="03" name="Address-3" picture="X(35)" position="125" storage-length="35"/><item display-length="10" level="03" name="Postcode" numeric="true" picture="9(10)" position="160" storage-length="10"/><item display-length="3" level="03" name="State" picture="XXX" position="170" storage-length="3"/><item display-length="1" level="03" name="Location-Active" picture="X" position="173" storage-length="1"/></item></copybook>
