<copybook filename="AMSRECEIPT.cbl"><!--*********************************************************--><!--*    FILE LAYOUT OF THE ASN / RECEIPT EXTRACT           *--><!--*    NOTE: USES SAME FIELD NAMES AS STD. DB2 COPYBOOKS  *--><!--*          BUT ALL PACKED FIELDS ARE NOW IN UNSIGNED    *--><!--*          DISPLAY FORMAT, FOR EASIER TRANSFER/IMPORT   *--><!--*                                                       *--><!--*    15/03/00.   350 BYTES.                             *--><!--*********************************************************--><!--*CHANGE CONTROL.--><!--*=================================================================--><!--*VERS|  DATE  |DESCRIPTION                            | AUTHOR--><!--*====+- - - - - - - -+- - - - - - - - - - - - - - - - - - - - - - - - - - - - - - - - - - - - - - -+- - - - - - - - - - - --><!--*V01 |15/03/00|FIRST ISSUE                            | J.BINDER--><!--*====+- - - - - - - -+- - - - - - - - - - - - - - - - - - - - - - - - - - - - - - - - - - - - - - -+- - - - - - - - - - - --><!--* 1.1|20/03/00|ADDED: STDR-AS-DLVY-TYPE TO AS RECORD  | J.BINDER--><!--*====+- - - - - - - -+- - - - - - - - - - - - - - - - - - - - - - - - - - - - - - - - - - - - - - -+- - - - - - - - - - - --><!--*V02 |27.04.00|ALL RECORDS NOW CONTAIN ALL KEY COLS.  | J.BINDER--><!--*====+- - - - - - - -+- - - - - - - - - - - - - - - - - - - - - - - - - - - - - - - - - - - - - - -+- - - - - - - - - - - --><!--*V03 |27.06.00|ADDED SAMPLE CHECK COLS. TO EQV030 AND | J.BINDER--><!--*    |OR #13  |MADE UNIT-COST 3 DECIMAL PLACES        |--><!--*====+- - - - - - - -+- - - - - - - - - - - - - - - - - - - - - - - - - - - - - - - - - - - - - - -+- - - - - - - - - - - --><!--*V04 |02.08.00|ADDED ACT-RECV-QTY TO THE "RS" RECORD  | J.BINDER--><!--*    |OR #130 |HOLDS REC_ALC_QTY ADJUSTED FOR SAMPLE  |--><!--*    |        |CHECK RESULTS                          |--><!--*====+- - - - - - - -+- - - - - - - - - - - - - - - - - - - - - - - - - - - - - - - - - - - - - - -+- - - - - - - - - - - --><!--*V05 |22.01.02|ADD PICK-PACK INDICATOR TO RECEIPT     | MRJ--><!--*    |        |HEADER                                 |--><!--*====+- - - - - - - -+- - - - - - - - - - - - - - - - - - - - - - - - - - - - - - - - - - - - - - -+- - - - - - - - - - - --><!--*V06 |18.02.03|ADD SHIPPING COMPLETE EXTRACT STATUS   | MRJ--><!--*====+- - - - - - - -+- - - - - - - - - - - - - - - - - - - - - - - - - - - - - - - - - - - - - - -+- - - - - - - - - - - --><!--*01  STDR-RECORD.--><!--*     05  STDR-RECORD-TYPE            PIC X(2).--><!--*         88  STDR-REC-TYPE-FH                  VALUE 'FH'.--><!--*         88  STDR-REC-TYPE-RH                  VALUE 'RH'.--><!--*         88  STDR-REC-TYPE-RD                  VALUE 'RD'.--><!--*         88  STDR-REC-TYPE-RS                  VALUE 'RS'.--><!--*         88  STDR-REC-TYPE-AS                  VALUE 'AS'.--><!--*         88  STDR-REC-TYPE-SO                  VALUE 'SO'.--><!--*         88  STDR-REC-TYPE-SC                  VALUE 'SC'.--><!--*         88  STDR-REC-TYPE-AP                  VALUE 'AP'.--><!--*         88  STDR-REC-TYPE-AR                  VALUE 'AR'.--><!--*         88  STDR-REC-TYPE-FT                  VALUE 'FT'.--><!--* ========================================================--><item display-length="350" level="03" name="STDR-DETAIL-RECORD" position="1" redefined="true" storage-length="350"><!--* ========================================================--><item display-length="2" level="05" name="STDR-RECORD-TYPE" picture="X(2)" position="1" storage-length="2"/><!--* FH     =================================================--><!--* FH     FILE HEADER--><!--* FH     =================================================--><item display-length="8" level="05" name="STDR-FH-DESCRIPTION" picture="X(8)" position="3" storage-length="8"/><item display-length="3" level="05" name="STDR-FH-BRAND-ID" picture="X(3)" position="11" storage-length="3"/><item display-length="10" level="05" name="STDR-FH-CREATE-DATE" position="14" storage-length="10"><item display-length="2" level="07" name="STDR-FH-CRD-DD" numeric="true" picture="99" position="14" storage-length="2"/><item display-length="1" level="07" name="FILLER" picture="X" position="16" storage-length="1"/><item display-length="2" level="07" name="STDR-FH-CRD-MM" numeric="true" picture="99" position="17" storage-length="2"/><item display-length="1" level="07" name="FILLER" picture="X" position="19" storage-length="1"/><item display-length="2" level="07" name="STDR-FH-CRD-CC" numeric="true" picture="99" position="20" storage-length="2"/><item display-length="2" level="07" name="STDR-FH-CRD-YY" numeric="true" picture="99" position="22" storage-length="2"/></item><item display-length="8" level="05" name="STDR-FH-CREATE-TIME" position="24" storage-length="8"><item display-length="2" level="07" name="STDR-FH-CRT-HH" numeric="true" picture="99" position="24" storage-length="2"/><item display-length="1" level="07" name="FILLER" picture="X" position="26" storage-length="1"/><item display-length="2" level="07" name="STDR-FH-CRT-MM" numeric="true" picture="99" position="27" storage-length="2"/><item display-length="1" level="07" name="FILLER" picture="X" position="29" storage-length="1"/><item display-length="2" level="07" name="STDR-FH-CRT-SS" numeric="true" picture="99" position="30" storage-length="2"/></item><item display-length="319" level="05" name="STDR-FH-FILLER" picture="X(319)" position="32" storage-length="319"/></item><!--* RH     =================================================--><!--* RH     RECEIPT HEADER--><!--* RH     =================================================--><item display-length="350" level="03" name="STDR-RH" position="1" redefines="STDR-DETAIL-RECORD" storage-length="350"><item display-length="2" level="05" name="STDR-RECORD-TYPE" picture="X(2)" position="1" storage-length="2"/><item display-length="236" level="05" name="STDR-RH-EQV030" position="3" storage-length="236"><item display-length="3" level="10" name="BRAND-ID-RH" picture="X(3)" position="3" storage-length="3"/><item display-length="12" level="10" name="ORDER-NO-RH" picture="X(12)" position="6" storage-length="12"/><item display-length="4" level="10" name="RECEIPT-LOCN-RH" numeric="true" picture="9(4)" position="18" storage-length="4"/><item display-length="9" level="10" name="RECEIPT-NO-RH" numeric="true" picture="9(9)" position="22" storage-length="9"/><item display-length="8" level="10" name="SUP-ID-RH" numeric="true" picture="9(8)" position="31" storage-length="8"/><item display-length="10" level="10" name="RECEIPT-DATE-RH" picture="X(10)" position="39" storage-length="10"/><item display-length="8" level="10" name="RECEIPT-TIME-RH" picture="X(8)" position="49" storage-length="8"/><item display-length="5" level="10" name="BRAND-XREF-RH" numeric="true" picture="9(5)" position="57" storage-length="5"/><item display-length="4" level="10" name="BRAND-DC-NO-RH" numeric="true" picture="9(4)" position="62" storage-length="4"/><item display-length="1" level="10" name="RCPT-FINAL-STAT-RH" picture="X(1)" position="66" storage-length="1"/><item display-length="1" level="10" name="PROCESSED-IND-RH" picture="X(1)" position="67" storage-length="1"/><item display-length="30" level="10" name="ASN-RH" picture="X(30)" position="68" storage-length="30"/><item display-length="9" level="10" name="ASN-SEQ-NO-RH" numeric="true" picture="9(9)" position="98" storage-length="9"/><item display-length="7" level="10" name="SMPL-CHCK-CTN-RH" numeric="true" picture="9(7)" position="107" storage-length="7"/><item display-length="11" level="10" name="SMPL-CHCK-U-RH" numeric="true" picture="9(9)V9(2)" position="114" scale="2" storage-length="11"/><item display-length="20" level="10" name="INVOICE-NO-RH" picture="X(20)" position="125" storage-length="20"/><item display-length="9" level="10" name="TOT-RCPT-AMT-RH" numeric="true" picture="9(7)V9(2)" position="145" scale="2" storage-length="9"/><item display-length="9" level="10" name="TOT-RECV-QTY-RH" numeric="true" picture="9(9)" position="154" storage-length="9"/><item display-length="11" level="10" name="TOT-OUTERS-RH" numeric="true" picture="9(9)V9(2)" position="163" scale="2" storage-length="11"/><item display-length="20" level="10" name="CARRIER-CONNOTE-RH" picture="X(20)" position="174" storage-length="20"/><item display-length="1" level="10" name="ERS-STATUS-RH" picture="X(1)" position="194" storage-length="1"/><item display-length="1" level="10" name="CHK-RESULT-ADJD-RH" picture="X(1)" position="195" storage-length="1"/><item display-length="1" level="10" name="BRAND-STK-UPD-RH" picture="X(1)" position="196" storage-length="1"/><item display-length="7" level="10" name="ORGINL-SCM-CNT-RH" numeric="true" picture="9(7)" position="197" storage-length="7"/><item display-length="1" level="10" name="PICK-PACK-IND-RH" picture="X" position="204" storage-length="1"/><item display-length="8" level="10" name="C-USR-UPDT-RH" picture="X(8)" position="205" storage-length="8"/><item display-length="26" level="10" name="TS-UPDT-RH" picture="X(26)" position="213" storage-length="26"/></item><item display-length="9" level="05" name="STDR-RH-NUM-RD" numeric="true" picture="9(09)" position="239" storage-length="9"/><item display-length="9" level="05" name="STDR-RH-NUM-AS" numeric="true" picture="9(09)" position="248" storage-length="9"/><item display-length="94" level="05" name="STDR-RH-FILLER" picture="X(94)" position="257" storage-length="94"/></item><!--* RD     =================================================--><!--* RD     RECEIPT PRODUCT--><!--* RD     =================================================--><item display-length="350" level="03" name="STDR-RD" position="1" redefines="STDR-DETAIL-RECORD" storage-length="350"><item display-length="2" level="05" name="STDR-RECORD-TYPE" picture="X(2)" position="1" storage-length="2"/><item display-length="120" level="05" name="STDR-RD-EQV031" position="3" storage-length="120"><item display-length="3" level="10" name="BRAND-ID-RD" picture="X(3)" position="3" storage-length="3"/><item display-length="12" level="10" name="ORDER-NO-RD" picture="X(12)" position="6" storage-length="12"/><item display-length="4" level="10" name="RECEIPT-LOCN-RD" numeric="true" picture="9(4)" position="18" storage-length="4"/><item display-length="9" level="10" name="RECEIPT-NO-RD" numeric="true" picture="9(9)" position="22" storage-length="9"/><item display-length="14" level="10" name="PROD-NO-RD" numeric="true" picture="9(14)" position="31" storage-length="14"/><item display-length="8" level="10" name="KEYCODE-RD" numeric="true" picture="9(8)" position="45" storage-length="8"/><item display-length="5" level="10" name="SEQ-NO-RD" numeric="true" picture="9(5)" position="53" storage-length="5"/><item display-length="2" level="10" name="PROD-QUALIFIER-RD" picture="X(2)" position="58" storage-length="2"/><item display-length="9" level="10" name="RCVD-QTY-RD" numeric="true" picture="9(9)" position="60" storage-length="9"/><item display-length="6" level="10" name="ITMS-PER-CTN-QTYRD" numeric="true" picture="9(6)" position="69" storage-length="6"/><item display-length="14" level="10" name="UNIT-COST-RD" numeric="true" picture="9(11)V9(3)" position="75" scale="3" storage-length="14"/><item display-length="8" level="10" name="C-USR-UPDT-RD" picture="X(8)" position="89" storage-length="8"/><item display-length="26" level="10" name="TS-UPDT-RD" picture="X(26)" position="97" storage-length="26"/></item><item display-length="9" level="05" name="STDR-RD-NUM-RS" numeric="true" picture="9(09)" position="123" storage-length="9"/><item display-length="219" level="05" name="STDR-RD-FILLER" picture="X(219)" position="132" storage-length="219"/></item><!--* RS     =================================================--><!--* RS     RECEIPT STORE ALLOCATION--><!--* RS     =================================================--><item display-length="350" level="03" name="STDR-RS" position="1" redefines="STDR-DETAIL-RECORD" storage-length="350"><item display-length="2" level="05" name="STDR-RECORD-TYPE" picture="X(2)" position="1" storage-length="2"/><item display-length="111" level="05" name="STDR-RS-EQV032" position="3" storage-length="111"><item display-length="3" level="10" name="BRAND-ID-RS" picture="X(3)" position="3" storage-length="3"/><item display-length="12" level="10" name="ORDER-NO-RS" picture="X(12)" position="6" storage-length="12"/><item display-length="4" level="10" name="RECEIPT-LOCN-RS" numeric="true" picture="9(4)" position="18" storage-length="4"/><item display-length="9" level="10" name="RECEIPT-NO-RS" numeric="true" picture="9(9)" position="22" storage-length="9"/><item display-length="14" level="10" name="PROD-NO-RS" numeric="true" picture="9(14)" position="31" storage-length="14"/><item display-length="8" level="10" name="KEYCODE-RS" numeric="true" picture="9(8)" position="45" storage-length="8"/><item display-length="5" level="10" name="SEQ-NO-RS" numeric="true" picture="9(5)" position="53" storage-length="5"/><item display-length="4" level="10" name="STR-NO-RS" numeric="true" picture="9(4)" position="58" storage-length="4"/><item display-length="9" level="10" name="REC-ALC-QTY-RS" numeric="true" picture="9(9)" position="62" storage-length="9"/><item display-length="9" level="10" name="OUTST-ORD-QTY-RS" numeric="true" picture="9(9)" position="71" storage-length="9"/><item display-length="8" level="10" name="C-USR-UPDT-RS" picture="X(8)" position="80" storage-length="8"/><item display-length="26" level="10" name="TS-UPDT-RS" picture="X(26)" position="88" storage-length="26"/></item><!--*V04*--><item display-length="9" level="05" name="ACT-RECV-QTY-RS" numeric="true" picture="9(9)" position="114" storage-length="9"/><!--*V04*    05  STDR-RS-FILLER          PIC X(237).--><item display-length="228" level="05" name="STDR-RS-FILLER" picture="X(228)" position="123" storage-length="228"/></item><!--* AS     =================================================--><!--* AS     ASN HEADER--><!--* AS     =================================================--><item display-length="346" level="03" name="STDR-AS" position="1" redefines="STDR-DETAIL-RECORD" storage-length="346"><item display-length="2" level="05" name="STDR-RECORD-TYPE" picture="X(2)" position="1" storage-length="2"/><item display-length="313" level="05" name="STDR-AS-EQV004" position="3" storage-length="313"><item display-length="30" level="10" name="ASN-AS" picture="X(30)" position="3" storage-length="30"/><item display-length="9" level="10" name="ASN-SEQ-NO-AS" numeric="true" picture="9(9)" position="33" storage-length="9"/><item display-length="15" level="10" name="SUP-EDI-ADDR-AS" picture="X(15)" position="42" storage-length="15"/><item display-length="3" level="10" name="BRAND-ID-AS" picture="X(3)" position="57" storage-length="3"/><item display-length="1" level="10" name="PROD-TEST-IND-AS" picture="X(1)" position="60" storage-length="1"/><item display-length="10" level="10" name="TRANSACTION-DT-AS" picture="X(10)" position="61" storage-length="10"/><item display-length="8" level="10" name="TRANSACTION-TM-AS" picture="X(8)" position="71" storage-length="8"/><item display-length="2" level="10" name="TRANS-SET-PURP-AS" picture="X(2)" position="79" storage-length="2"/><item display-length="4" level="10" name="ASN-STRUCTURE-AS" picture="X(4)" position="81" storage-length="4"/><item display-length="9" level="10" name="SHIP-GROSS-VOL-AS" numeric="true" picture="9(6)V9(3)" position="85" scale="3" storage-length="9"/><item display-length="2" level="10" name="VOL-MEASURE-CD-AS" picture="X(2)" position="94" storage-length="2"/><item display-length="5" level="10" name="SHIP-PACK-CODE-AS" picture="X(5)" position="96" storage-length="5"/><item display-length="7" level="10" name="SHIP-LDG-QTY-AS" numeric="true" picture="9(7)" position="101" storage-length="7"/><item display-length="11" level="10" name="SHIP-LDG-WGT-AS" numeric="true" picture="9(8)V9(3)" position="108" scale="3" storage-length="11"/><item display-length="2" level="10" name="SHIP-WGT-CODE-AS" picture="X(2)" position="119" storage-length="2"/><item display-length="2" level="10" name="SHIP-STATUS-AS" picture="X(2)" position="121" storage-length="2"/><item display-length="20" level="10" name="CARRIER-CONNOTE-AS" picture="X(20)" position="123" storage-length="20"/><item display-length="10" level="10" name="SHIP-SCHED-DT-AS" picture="X(10)" position="143" storage-length="10"/><item display-length="10" level="10" name="DLVY-SCHED-DT-AS" picture="X(10)" position="153" storage-length="10"/><item display-length="4" level="10" name="M-DC-DLVY-AS" numeric="true" picture="9(4)" position="163" storage-length="4"/><item display-length="8" level="10" name="SUP-ID-AS" numeric="true" picture="9(8)" position="167" storage-length="8"/><item display-length="35" level="10" name="SUP-NAME-AS" picture="X(35)" position="175" storage-length="35"/><item display-length="13" level="10" name="A-ALLOC-REG-NET-AS" numeric="true" picture="9(9)V9(4)" position="210" scale="4" storage-length="13"/><item display-length="1" level="10" name="VALID-IND-AS" picture="X(1)" position="223" storage-length="1"/><item display-length="1" level="10" name="REASON-CODE-AS" picture="X(1)" position="224" storage-length="1"/><item display-length="2" level="10" name="ASN-STATE-AS" numeric="true" picture="9(2)" position="225" storage-length="2"/><item display-length="1" level="10" name="FULL-DLVY-IND-AS" picture="X(1)" position="227" storage-length="1"/><item display-length="20" level="10" name="SHIP-SSCC-AS" picture="X(20)" position="228" storage-length="20"/><item display-length="1" level="10" name="EDI-ERR-SEVER-I-AS" picture="X(1)" position="248" storage-length="1"/><item display-length="10" level="10" name="ASN-RCPT-DT-AS" picture="X(10)" position="249" storage-length="10"/><item display-length="10" level="10" name="MERCH-RCPT-DT-AS" picture="X(10)" position="259" storage-length="10"/><item display-length="2" level="10" name="SUP-RATING-AS" picture="X(2)" position="269" storage-length="2"/><item display-length="1" level="10" name="INTEG-FLG-AS" picture="X(1)" position="271" storage-length="1"/><item display-length="1" level="10" name="CANCEL-REASON-C-AS" picture="X(1)" position="272" storage-length="1"/><!--***        10 P-CHECKED-CTNS-AS    PIC S9(3)V USAGE COMP-3.--><!--***        10 P-CHECKED-UNITS-AS   PIC S9(3)V USAGE COMP-3.--><item display-length="8" level="10" name="ASN-ARRV-TM-AS" picture="X(8)" position="273" storage-length="8"/><item display-length="1" level="10" name="EXTRACT-STATUS-AS" picture="X(1)" position="281" storage-length="1"/><item display-length="8" level="10" name="C-USR-UPDT-AS" picture="X(8)" position="282" storage-length="8"/><item display-length="26" level="10" name="TS-UPDT-AS" picture="X(26)" position="290" storage-length="26"/></item><item display-length="3" level="05" name="STDR-AS-DLVY-TYPE" picture="X(03)" position="316" storage-length="3"/><item display-length="9" level="05" name="STDR-AS-NUM-SO" numeric="true" picture="9(09)" position="319" storage-length="9"/><item display-length="9" level="05" name="STDR-AS-NUM-AR" numeric="true" picture="9(09)" position="328" storage-length="9"/><!--***      05  STDR-AS-FILLER          PIC X(023).--><item display-length="10" level="05" name="STDR-AS-FILLER" picture="X(010)" position="337" storage-length="10"/></item><!--* SO     =================================================--><!--* SO     ASN ORDER--><!--* SO     =================================================--><item display-length="350" level="03" name="STDR-SO" position="1" redefines="STDR-DETAIL-RECORD" storage-length="350"><item display-length="2" level="05" name="STDR-RECORD-TYPE" picture="X(2)" position="1" storage-length="2"/><item display-length="172" level="05" name="STDR-SO-EQV005" position="3" storage-length="172"><item display-length="30" level="10" name="ASN-SO" picture="X(30)" position="3" storage-length="30"/><item display-length="9" level="10" name="ASN-SEQ-NO-SO" numeric="true" picture="9(9)" position="33" storage-length="9"/><item display-length="12" level="10" name="ORDER-NO-SO" picture="X(12)" position="42" storage-length="12"/><item display-length="4" level="10" name="STORE-SO" numeric="true" picture="9(4)" position="54" storage-length="4"/><item display-length="10" level="10" name="ORDER-DATE-SO" picture="X(10)" position="58" storage-length="10"/><item display-length="5" level="10" name="ORDER-PACK-CODE-SO" picture="X(5)" position="68" storage-length="5"/><item display-length="7" level="10" name="ORDER-LDG-QTY-SO" numeric="true" picture="9(7)" position="73" storage-length="7"/><item display-length="11" level="10" name="ORDER-LDG-WGT-SO" numeric="true" picture="9(8)V9(3)" position="80" scale="3" storage-length="11"/><item display-length="2" level="10" name="ORDER-WGT-CODE-SO" picture="X(2)" position="91" storage-length="2"/><item display-length="2" level="10" name="SHIP-ORD-STATUS-SO" picture="X(2)" position="93" storage-length="2"/><item display-length="20" level="10" name="SUP-INV-NO-SO" picture="X(20)" position="95" storage-length="20"/><item display-length="2" level="10" name="ERROR-CODE-SO" picture="X(2)" position="115" storage-length="2"/><item display-length="12" level="10" name="ORDER-NO-NUM-SO" numeric="true" picture="9(12)" position="117" storage-length="12"/><item display-length="12" level="10" name="ORDER-NO-850-SO" picture="X(12)" position="129" storage-length="12"/><item display-length="8" level="10" name="C-USR-UPDT-SO" picture="X(8)" position="141" storage-length="8"/><item display-length="26" level="10" name="TS-UPDT-SO" picture="X(26)" position="149" storage-length="26"/></item><item display-length="9" level="05" name="STDR-SO-NUM-SC" numeric="true" picture="9(09)" position="175" storage-length="9"/><item display-length="167" level="05" name="STDR-SO-FILLER" picture="X(167)" position="184" storage-length="167"/></item><!--* SC     =================================================--><!--* SC     ASN CONTAINER--><!--* SC     =================================================--><item display-length="350" level="03" name="STDR-SC" position="1" redefines="STDR-DETAIL-RECORD" storage-length="350"><item display-length="2" level="05" name="STDR-RECORD-TYPE" picture="X(2)" position="1" storage-length="2"/><item display-length="177" level="05" name="STDR-SC-EQV006" position="3" storage-length="177"><item display-length="30" level="10" name="ASN-SC" picture="X(30)" position="3" storage-length="30"/><item display-length="9" level="10" name="ASN-SEQ-NO-SC" numeric="true" picture="9(9)" position="33" storage-length="9"/><item display-length="12" level="10" name="ORDER-NO-SC" picture="X(12)" position="42" storage-length="12"/><item display-length="4" level="10" name="STORE-SC" numeric="true" picture="9(4)" position="54" storage-length="4"/><item display-length="20" level="10" name="SCM-SC" picture="X(20)" position="58" storage-length="20"/><item display-length="9" level="10" name="SCM-SEQ-NO-SC" numeric="true" picture="9(9)" position="78" storage-length="9"/><item display-length="1" level="10" name="CONTAINER-TYPE-SC" picture="X(1)" position="87" storage-length="1"/><item display-length="5" level="10" name="PLT-PACK-CODE-SC" picture="X(5)" position="88" storage-length="5"/><item display-length="7" level="10" name="PLT-LADING-QTY-SC" numeric="true" picture="9(7)" position="93" storage-length="7"/><item display-length="11" level="10" name="PLT-LADING-WGT-SC" numeric="true" picture="9(8)V9(3)" position="100" scale="3" storage-length="11"/><item display-length="2" level="10" name="PLT-WGT-MSRE-CD-SC" picture="X(2)" position="111" storage-length="2"/><item display-length="20" level="10" name="PARENT-SCM-SC" picture="X(20)" position="113" storage-length="20"/><item display-length="9" level="10" name="PARENT-SCM-SEQ-SC" numeric="true" picture="9(9)" position="133" storage-length="9"/><item display-length="2" level="10" name="ERROR-CODE-SC" picture="X(2)" position="142" storage-length="2"/><item display-length="1" level="10" name="SCM-RCEIV-QUALFRSC" picture="X(1)" position="144" storage-length="1"/><item display-length="1" level="10" name="SCM-SAMPLE-IND-SC" picture="X(1)" position="145" storage-length="1"/><item display-length="8" level="10" name="C-USR-UPDT-SC" picture="X(8)" position="146" storage-length="8"/><item display-length="26" level="10" name="TS-UPDT-SC" picture="X(26)" position="154" storage-length="26"/></item><item display-length="9" level="05" name="STDR-SC-NUM-AP" numeric="true" picture="9(09)" position="180" storage-length="9"/><item display-length="162" level="05" name="STDR-SC-FILLER" picture="X(162)" position="189" storage-length="162"/></item><!--* AP     =================================================--><!--* AP     ASN PRODUCT--><!--* AP     =================================================--><item display-length="350" level="03" name="STDR-AP" position="1" redefines="STDR-DETAIL-RECORD" storage-length="350"><item display-length="2" level="05" name="STDR-RECORD-TYPE" picture="X(2)" position="1" storage-length="2"/><item display-length="181" level="05" name="STDR-AP-EQV007" position="3" storage-length="181"><item display-length="30" level="10" name="ASN-AP" picture="X(30)" position="3" storage-length="30"/><item display-length="9" level="10" name="ASN-SEQ-NO-AP" numeric="true" picture="9(9)" position="33" storage-length="9"/><item display-length="12" level="10" name="ORDER-NO-AP" picture="X(12)" position="42" storage-length="12"/><item display-length="4" level="10" name="STORE-AP" numeric="true" picture="9(4)" position="54" storage-length="4"/><item display-length="20" level="10" name="SCM-AP" picture="X(20)" position="58" storage-length="20"/><item display-length="9" level="10" name="SCM-SEQ-NO-AP" numeric="true" picture="9(9)" position="78" storage-length="9"/><item display-length="14" level="10" name="PROD-NO-AP" numeric="true" picture="9(14)" position="87" storage-length="14"/><item display-length="5" level="10" name="PROD-SEQ-NO-AP" numeric="true" picture="9(5)" position="101" storage-length="5"/><item display-length="2" level="10" name="PROD-QUALIFIER-AP" picture="X(2)" position="106" storage-length="2"/><item display-length="12" level="10" name="QTY-SHIPPED-AP" numeric="true" picture="9(10)V9(2)" position="108" scale="2" storage-length="12"/><item display-length="2" level="10" name="PROD-MEASURE-CD-AP" picture="X(2)" position="120" storage-length="2"/><item display-length="10" level="10" name="USE-BY-DATE-AP" picture="X(10)" position="122" storage-length="10"/><item display-length="8" level="10" name="KEYCODE-AP" numeric="true" picture="9(8)" position="132" storage-length="8"/><item display-length="2" level="10" name="ERROR-CODE-AP" picture="X(2)" position="140" storage-length="2"/><item display-length="4" level="10" name="DANGR-GOODS-NO-AP" numeric="true" picture="9(4)" position="142" storage-length="4"/><item display-length="4" level="10" name="DANGR-GOODS-CLS-AP" numeric="true" picture="9(3)V9(1)" position="146" scale="1" storage-length="4"/><item display-length="8" level="10" name="C-USR-UPDT-AP" picture="X(8)" position="150" storage-length="8"/><item display-length="26" level="10" name="TS-UPDT-AP" picture="X(26)" position="158" storage-length="26"/></item><item display-length="167" level="05" name="STDR-AP-FILLER" picture="X(167)" position="184" storage-length="167"/></item><!--* AR     =================================================--><!--* AR     SCM CONTENTS CHECKING--><!--* AR     =================================================--><item display-length="350" level="03" name="STDR-AR" position="1" redefines="STDR-DETAIL-RECORD" storage-length="350"><item display-length="2" level="05" name="STDR-RECORD-TYPE" picture="X(2)" position="1" storage-length="2"/><item display-length="184" level="05" name="STDR-AR-EQV044" position="3" storage-length="184"><item display-length="3" level="10" name="BRAND-ID-AR" picture="X(3)" position="3" storage-length="3"/><item display-length="12" level="10" name="ORDER-NO-AR" picture="X(12)" position="6" storage-length="12"/><item display-length="4" level="10" name="LOGISTICS-LOC-NOAR" numeric="true" picture="9(4)" position="18" storage-length="4"/><item display-length="9" level="10" name="RECEIPT-NO-AR" numeric="true" picture="9(9)" position="22" storage-length="9"/><item display-length="20" level="10" name="SCM-AR" picture="X(20)" position="31" storage-length="20"/><item display-length="14" level="10" name="PROD-NO-AR" numeric="true" picture="9(14)" position="51" storage-length="14"/><item display-length="2" level="10" name="PROD-QUALIFIER-AR" picture="X(2)" position="65" storage-length="2"/><item display-length="2" level="10" name="QUALITY-CODE-AR" picture="X(2)" position="67" storage-length="2"/><item display-length="12" level="10" name="CHECKED-QTY-AR" numeric="true" picture="9(10)V9(2)" position="69" scale="2" storage-length="12"/><item display-length="8" level="10" name="SUP-ID-AR" numeric="true" picture="9(8)" position="81" storage-length="8"/><item display-length="30" level="10" name="ASN-AR" picture="X(30)" position="89" storage-length="30"/><item display-length="4" level="10" name="BRAND-DC-AR" numeric="true" picture="9(4)" position="119" storage-length="4"/><item display-length="1" level="10" name="VALID-PROD-IND-AR" picture="X(1)" position="123" storage-length="1"/><item display-length="1" level="10" name="PROCESSED-IND-AR" picture="X(1)" position="124" storage-length="1"/><item display-length="10" level="10" name="CHECKED-BY-AR" picture="X(10)" position="125" storage-length="10"/><item display-length="10" level="10" name="CHECKED-DATE-AR" picture="X(10)" position="135" storage-length="10"/><item display-length="8" level="10" name="CHECKED-TIME-AR" picture="X(8)" position="145" storage-length="8"/><item display-length="8" level="10" name="C-USR-UPDT-AR" picture="X(8)" position="153" storage-length="8"/><item display-length="26" level="10" name="TS-UPDT-AR" picture="X(26)" position="161" storage-length="26"/></item><item display-length="164" level="05" name="STDR-AR-FILLER" picture="X(164)" position="187" storage-length="164"/></item><!--* FT     =================================================--><!--* FT     FILE TRAILER--><!--* FT     =================================================--><item display-length="350" level="03" name="STDR-FT" position="1" redefines="STDR-DETAIL-RECORD" storage-length="350"><item display-length="2" level="05" name="STDR-RECORD-TYPE" picture="X(2)" position="1" storage-length="2"/><item display-length="9" level="05" name="STDR-FT-NUM-RECDS" numeric="true" picture="9(09)" position="3" storage-length="9"/><item display-length="9" level="05" name="STDR-FT-NUM-FH" numeric="true" picture="9(09)" position="12" storage-length="9"/><item display-length="9" level="05" name="STDR-FT-NUM-RH" numeric="true" picture="9(09)" position="21" storage-length="9"/><item display-length="9" level="05" name="STDR-FT-NUM-RD" numeric="true" picture="9(09)" position="30" storage-length="9"/><item display-length="9" level="05" name="STDR-FT-NUM-RS" numeric="true" picture="9(09)" position="39" storage-length="9"/><item display-length="9" level="05" name="STDR-FT-NUM-AS" numeric="true" picture="9(09)" position="48" storage-length="9"/><item display-length="9" level="05" name="STDR-FT-NUM-SO" numeric="true" picture="9(09)" position="57" storage-length="9"/><item display-length="9" level="05" name="STDR-FT-NUM-SC" numeric="true" picture="9(09)" position="66" storage-length="9"/><item display-length="9" level="05" name="STDR-FT-NUM-AP" numeric="true" picture="9(09)" position="75" storage-length="9"/><item display-length="9" level="05" name="STDR-FT-NUM-AR" numeric="true" picture="9(09)" position="84" storage-length="9"/><item display-length="9" level="05" name="STDR-FT-NUM-FT" numeric="true" picture="9(09)" position="93" storage-length="9"/><item display-length="249" level="05" name="STDR-FT-FILLER" picture="X(249)" position="102" storage-length="249"/></item></copybook>
