<copybook filename="DTAR020.cbl"><!--*   DTAR020 IS THE OUTPUT FROM DTAB020 FROM THE IML--><!--*   CENTRAL REPORTING SYSTEM--><!--*   CREATED BY BRUCE ARTHUR  19/12/90--><!--*   RECORD LENGTH IS 27.--><item display-length="10" level="03" name="DTAR020-KCODE-STORE-KEY" position="1" storage-length="10"><item display-length="8" level="05" name="DTAR020-KEYCODE-NO" picture="X(08)" position="1" storage-length="8"/><item display-length="3" level="05" name="DTAR020-STORE-NO" numeric="true" picture="S9(03)" position="9" signed="true" storage-length="2" usage="computational-3"/></item><item display-length="7" level="03" name="DTAR020-DATE" numeric="true" picture="S9(07)" position="11" signed="true" storage-length="4" usage="computational-3"/><item display-length="3" level="03" name="DTAR020-DEPT-NO" numeric="true" picture="S9(03)" position="15" signed="true" storage-length="2" usage="computational-3"/><item display-length="9" level="03" name="DTAR020-QTY-SOLD" numeric="true" picture="S9(9)" position="17" signed="true" storage-length="5" usage="computational-3"/><item display-length="11" level="03" name="DTAR020-SALE-PRICE" numeric="true" picture="S9(9)V99" position="22" scale="2" signed="true" storage-length="6" usage="computational-3"/></copybook>
