<copybook filename="RBIFCOPY.cbl"><item display-length="124" level="01" name="RBI-RECORD" position="1" storage-length="124"><item display-length="50" level="05" name="RBI-TEXT-1" picture="X(50)" position="1" storage-length="50"/><item display-length="3" level="05" name="RBI-QTY" numeric="true" picture="9(03)" position="51" storage-length="3"/><item display-length="21" level="05" name="RBI-REPETITIVE-AREA" position="54" storage-length="21"><item display-length="21" level="10" name="RBI-REPEAT" occurs="1" position="54" storage-length="21"><item display-length="6" level="15" name="RBI-NUMBER-S96SLS" numeric="true" picture="S9(06)" position="54" sign-position="leading" sign-separate="true" signed="true" storage-length="7"/><item display-length="6" level="15" name="RBI-NUMBER-S96DISP" numeric="true" picture="S9(06)" position="61" signed="true" storage-length="6"/><item display-length="6" level="15" name="RBI-NUMBER-S96CMP3" numeric="true" picture="S9(06)" position="67" signed="true" storage-length="4" usage="computational-3"/><item display-length="6" level="15" name="RBI-NUMBER-S96CMP" numeric="true" picture="S9(06)" position="71" signed="true" storage-length="4" usage="computational"/></item></item><item display-length="50" level="05" name="RBI-TEXT-2" picture="X(50)" position="75" storage-length="50"/></item></copybook>
