<?xml version="1.0" ?><RECORD RECORDNAME="DTAR1000 VB" COPYBOOK="DTAR1000" DELIMITER="&lt;Tab&gt;" DESCRIPTION="Stores File VB" FONTNAME="CP037" FILESTRUCTURE="Mainframe_VB" STYLE="0" RECORDTYPE="BinaryRecord" LIST="Y" QUOTE="" RecSep="default"><FIELDS><FIELD NAME="STORE-NO" POSITION="1" LENGTH="2" TYPE="Binary Integer Big Endian (Mainframe, AIX etc)" COBOLNAME="DTAR1000-STORE-NO"/><FIELD NAME="REGION-NO" POSITION="3" LENGTH="2" TYPE="Binary Integer Big Endian (Mainframe, AIX etc)" COBOLNAME="DTAR1000-REGION-NO"/><FIELD NAME="STORE-NAME" POSITION="5" LENGTH="50" TYPE="Char" COBOLNAME="DTAR1000-STORE-NAME"/><FIELD NAME="NEW-STORE" POSITION="55" LENGTH="1" TYPE="Char" COBOLNAME="DTAR1000-NEW-STORE"/><FIELD NAME="ACTIVE-STORE" POSITION="56" LENGTH="1" TYPE="Char" COBOLNAME="DTAR1000-ACTIVE-STORE"/><FIELD NAME="CLOSED-STORE" POSITION="57" LENGTH="1" TYPE="Char" COBOLNAME="DTAR1000-CLOSED-STORE"/><FIELD NAME="DC-TYPE" POSITION="58" LENGTH="1" TYPE="Char" COBOLNAME="DTAR1000-DC-TYPE"/><FIELD NAME="SRC-TYPE" POSITION="59" LENGTH="1" TYPE="Char" COBOLNAME="DTAR1000-SRC-TYPE"/><FIELD NAME="HO-TYPE" POSITION="60" LENGTH="1" TYPE="Char" COBOLNAME="DTAR1000-HO-TYPE"/></FIELDS></RECORD>