<?xml version="1.0" ?><RECORD RECORDNAME="GetText_PO" COPYBOOK="" DELIMITER="&lt;Tab&gt;" FILESTRUCTURE="FILE_WIZARD" STYLE="0" RECORDTYPE="Delimited" LIST="Y" QUOTE="" RecSep="default" LINE_NO_FIELD_NAMES="1"><FIELDS><FIELD NAME="msgctxt" POSITION="1" TYPE="Char"/><FIELD NAME="msgid" POSITION="2" TYPE="Char"/><FIELD NAME="msgstr" POSITION="3" TYPE="Char"/><FIELD NAME="comments" POSITION="4" TYPE="Char"/><FIELD NAME="msgidPlural" POSITION="5" TYPE="Char"/><FIELD NAME="msgstrPlural" POSITION="6" TYPE="Char"/><FIELD NAME="extractedComments" POSITION="7" TYPE="Char"/><FIELD NAME="reference" POSITION="8" TYPE="Char"/><FIELD NAME="flags" POSITION="9" TYPE="Char"/><FIELD NAME="previousMsgctx" POSITION="10" TYPE="Char"/><FIELD NAME="previousMsgId" POSITION="11" TYPE="Char"/><FIELD NAME="previousMsgidPlural" POSITION="12" TYPE="Char"/><FIELD NAME="fuzzy" POSITION="13" TYPE="Char"/><FIELD NAME="obsolete" POSITION="14" TYPE="Char"/></FIELDS></RECORD>