<?xml version="1.0" ?><RECORD RECORDNAME="MicrofocusHeader" COPYBOOK="" DELIMITER="&lt;Tab&gt;" FILESTRUCTURE="Fixed_Length" STYLE="0" RECORDTYPE="RecordLayout" LIST="Y" QUOTE="" RecSep="default"><FIELDS><FIELD NAME="Length" DESCRIPTION="The first 4 bits are always set to 3 (0011 in binary) indicating that this is a system record" POSITION="1" LENGTH="4" TYPE="Positive Integer (Big Endian)"/><FIELD NAME="DBSequence" POSITION="5" LENGTH="2" TYPE="Positive Integer (Big Endian)"/><FIELD NAME="IntegrityFlag" POSITION="7" LENGTH="2" TYPE="Positive Integer (Big Endian)"/><FIELD NAME="CreationDate" POSITION="9" LENGTH="14" TYPE="Char"/><FIELD NAME="Reserved" POSITION="23" LENGTH="14" TYPE="Char"/><FIELD NAME="Reserved Value 62" POSITION="37" LENGTH="2" TYPE="Positive Integer (Big Endian)"/><FIELD NAME="Filler " DESCRIPTION="Hex Zero's" POSITION="39" LENGTH="1" TYPE="Positive Integer (Big Endian)"/><FIELD NAME="Organisation" POSITION="40" LENGTH="1" TYPE="Positive Integer (Big Endian)"/><FIELD NAME="Filler" DESCRIPTION="Hex Zero's" POSITION="41" LENGTH="1" TYPE="Positive Integer (Big Endian)"/><FIELD NAME="CompresionRoutine" POSITION="42" LENGTH="1" TYPE="Positive Integer (Big Endian)"/><FIELD NAME="Filler" POSITION="43" LENGTH="1" TYPE="Positive Integer (Big Endian)"/><FIELD NAME="TypeOfIndexFile" POSITION="44" LENGTH="1" TYPE="Positive Integer (Big Endian)"/><FIELD NAME="Reserved" POSITION="45" LENGTH="4" TYPE="Positive Integer (Big Endian)"/><FIELD NAME="RecordingMode" POSITION="49" LENGTH="1" TYPE="Positive Integer (Big Endian)"/><FIELD NAME="filler" POSITION="50" LENGTH="5" TYPE="Positive Integer (Big Endian)"/><FIELD NAME="MaximumRecordLength" POSITION="55" LENGTH="4" TYPE="Positive Integer (Big Endian)"/><FIELD NAME="MinRecordLength" POSITION="59" LENGTH="4" TYPE="Positive Integer (Big Endian)"/><FIELD NAME="Filler" DESCRIPTION="Zero's" POSITION="63" LENGTH="46" TYPE="Positive Integer (Big Endian)"/><FIELD NAME="Version/Build data" POSITION="109" LENGTH="4" TYPE="Positive Integer (Big Endian)"/><FIELD NAME="Filler" DESCRIPTION="Zero's" POSITION="113" LENGTH="16" TYPE="Positive Integer (Big Endian)"/></FIELDS></RECORD>